{
  "input_columns": [
    "fx",
    "fy",
    "mz",
    "q"
  ],
  "output_columns": [
    "x1",
    "x2",
    "x3",
    "x4",
    "x5",
    "x6",
    "x7"
  ],
  "x_scaler_type": "MinMaxScaler",
  "x_scaler_scale": [
    1.0008537241151505,
    1.0008505649663688,
    0.012519167093590165,
    0.050126900152520366
  ],
  "x_scaler_data_min": [
    -0.49947762464305523,
    -0.4996585377818611,
    -39.919289719439,
    0.013902079441565629
  ],
  "x_scaler_data_max": [
    0.4996693794649575,
    0.49949162009770465,
    39.958228690871366,
    19.963270521481967
  ],
  "y_scaler_type": "MinMaxScaler",
  "y_scaler_scale": [
    0.02649432574038124,
    0.05771419126310352,
    0.017000129650059186,
    0.03437350450553368,
    0.017353443294714055,
    0.03038153960489676,
    0.016421169625532073
  ],
  "y_scaler_data_min": [
    0.5863971718472255,
    14.334491682065776,
    -34.153248324575955,
    10.318485612658522,
    -27.377090399532637,
    7.085275696863482,
    -30.847217323916013
  ],
  "y_scaler_data_max": [
    38.33032807233635,
    31.66125271110399,
    24.669832474488338,
    39.41066036717077,
    30.2483608159391,
    40.0,
    30.049784704805084
  ],
  "loss": "charbonnier",
  "scaler": "minmax",
  "loss_eps": 0.001,
  "output_weights": [
    100.0,
    1.0,
    1.0,
    1.0,
    1.0,
    1.0,
    2.0
  ]
}