step,model,fit_time_sec,train_loss_scaled,val_loss_scaled,test_loss_scaled
1,svr,1.179772138595581,0.2664378262624234,0.2959006328223571,0.197878611903393
