{
  "model": "svr",
  "input_columns": [
    "fx",
    "fy",
    "mz",
    "q"
  ],
  "output_columns": [
    "x1",
    "x2",
    "x3",
    "x4",
    "x5",
    "x6",
    "x7"
  ],
  "x_scaler_mean": [
    -0.011699761550005015,
    -0.002826409500104979,
    -0.36550517901684554,
    10.094743691999595
  ],
  "x_scaler_scale": [
    0.2888586316114798,
    0.28219561893696266,
    22.720617063067888,
    5.771449277697798
  ],
  "y_scaler_mean": [
    10.141447504115359,
    19.82317609132538,
    -0.7898001776054173,
    26.966404460478255,
    -1.9731068028204355,
    30.753186538502366,
    -3.0817673867101614
  ],
  "y_scaler_scale": [
    2.9974479018275955,
    2.3939255927437317,
    5.281534904338616,
    3.947461504018592,
    12.210150755848538,
    8.412062492633664,
    19.63598240692088
  ],
  "output_weights": [
    0.01,
    1.0,
    1.0,
    1.0,
    1.0,
    1.0,
    2.0
  ]
}