step,model,fit_time_sec,train_loss_scaled,val_loss_scaled,test_loss_scaled
1,svr,1.413304090499878,0.24877465355028325,0.2854157368549553,0.1948391023091345
